Name,Name_encoded
fredrik aas,232
fredrik aas,232
fredrik aas,232
fredrik aas,232
nestor abad,518
nestor abad,518
nestor abad,518
nestor abad,518
nestor abad,518
nestor abad,518
nestor abad,518
nestor abad,518
yumin abbadini,761
yumin abbadini,761
yumin abbadini,761
yumin abbadini,761
yumin abbadini,761
yumin abbadini,761
yumin abbadini,761
yumin abbadini,761
yumin abbadini,761
yumin abbadini,761
yumin abbadini,761
yumin abbadini,761
abdelrahman abdelhaleem,1
abdelrahman abdelhaleem,1
abdelrahman abdelhaleem,1
abdelrahman abdelhaleem,1
abdelrahman abdelhaleem,1
ahmed abdelrahman,19
ahmed abdelrahman,19
ahmed abdelrahman,19
ahmed abdelrahman,19
rasuljon abdurakhimov,594
rasuljon abdurakhimov,594
rasuljon abdurakhimov,594
saba abesadze,632
saba abesadze,632
saba abesadze,632
saba abesadze,632
. abiyurafi,0
ahmad abu al soud,18
ahmad abu al soud,18
ahmad abu al soud,18
ahmad abu al soud,18
ahmad abu al soud,18
ahmad abu al soud,18
ahmad abu al soud,18
ahmad abu al soud,18
ahmad abu al soud,18
francisco acuna,223
francisco acuna,223
karthik adapa,376
mohamed afify,498
mohamed afify,498
mohamed afify,498
mohamed afify,498
mohamed afify,498
justin ah chow,369
shishir ahmed,664
muhammad sharul aimy,505
muhammad sharul aimy,505
muhammad sharul aimy,505
muhammad sharul aimy,505
emil akhmejanov,194
emil akhmejanov,194
emil akhmejanov,194
emil akhmejanov,194
daniel alarcon,145
daniel alarcon,145
yordan aleksandrov,752
yordan aleksandrov,752
yordan aleksandrov,752
yordan aleksandrov,752
yordan aleksandrov,752
saran alexander,646
luca alfieri,428
luca alfieri,428
luca valentino alfieri,431
luca valentino alfieri,431
rakan alharith,592
jameel ali,306
filipe almeida,220
enkhtulga altansukh,196
joel alvarez,335
joel alvarez,335
joel alvarez,335
joel alvarez,335
nadila nethviru ambul deniyage don,510
nadila nethviru ambul deniyage don,510
bernardo actos andrade de souza miranda,83
bernardo actos andrade de souza miranda,83
drake andrews,182
drake andrews,182
georgios angonas,243
georgios angonas,243
georgios angonas,243
georgios angonas,243
georgios angonas,243
georgios angonas,243
yefferson anton,744
yefferson gregorio anton yeguez,745
mohamed aouicha,500
ferhat arican,217
ferhat arican,217
ferhat arican,217
ferhat arican,217
ferhat arican,217
ferhat arican,217
ferhat arican,217
ferhat arican,217
ferhat arican,217
ferhat arican,217
ferhat arican,217
ferhat arican,217
ferhat arican,217
ferhat arican,217
ferhat arican,217
ferhat arican,217
ferhat arican,217
ferhat arican,217
ferhat arican,217
ferhat arican,217
ferhat arican,217
ferhat arican,217
josue armijo,359
manuel helmut arnold,450
manuel helmut arnold,450
michael artlip,484
michael artlip,484
michael artlip,484
michael artlip,484
michael artlip,484
michael artlip,484
michael artlip,484
michael artlip,484
arthur ashton,65
adem asil,11
adem asil,11
adem asil,11
adem asil,11
adem asil,11
adem asil,11
adem asil,11
adem asil,11
habeb aswailah,252
richard atencio,607
richard atencio,607
richard atencio,607
richard ameth atencio higinio,606
jaydon attygalle,319
asadbek azamov,68
asadbek azamov,68
asadbek azamov,68
abdulla azimov,4
abdulla azimov,4
abdulla azimov,4
abdulla azimov,4
abdulla azimov,4
abdulla azimov,4
abdulla azimov,4
abdulla azimov,4
abdulla azimov,4
abdulla azimov,4
abdulla azimov,4
abdulla azimov,4
abdulla azimov,4
abdulla azimov,4
abdulla azimov,4
ilyas azizov,283
ilyas azizov,283
ilyas azizov,283
ilyas azizov,283
ilyas azizov,283
ilyas azizov,283
ilyas azizov,283
ilyas azizov,283
ilyas azizov,283
ilyas azizov,283
ilyas azizov,283
ilyas azizov,283
ilyas azizov,283
ilyas azizov,283
ilyas azizov,283
james bacueti,307
james bacueti,307
garam bae,237
garam bae,237
garam bae,237
daniel bago,147
frank baines,227
frank baines,227
krisztian balazs,403
krisztian balazs,403
krisztian balazs,403
krisztian balazs,403
krisztian balazs,403
krisztian balazs,403
krisztian balazs,403
krisztian balazs,403
krisztian balazs,403
krisztian balazs,403
suphacheep baobenmad,675
suphacheep baobenmad,675
suphacheep baobenmad,675
raekwon baptiste,589
raekwon baptiste,589
raekwon baptiste,589
raekwon baptiste,589
emil barber,195
gabriel barbosa,234
gabriel barbosa,234
gabriel barbosa,234
francisco barretto,225
fabian alejandro barriuso,209
nicola bartolini,526
nicola bartolini,526
nicola bartolini,526
nicola bartolini,526
nicola bartolini,526
nicola bartolini,526
nicola bartolini,526
battur batbaatar,79
szabolcs batori,678
szabolcs batori,678
szabolcs batori,678
christian baumann,127
clayton bell,131
fuzzy benas,233
fuzzy benas,233
fuzzy benas,233
fuzzy benas,233
alexander benda,36
alexander benda,36
alexander benda,36
maxim bereznev,475
maxim bereznev,475
maxim bereznev,475
maxim bereznev,475
maxim bereznev,475
cameron lie bernard,106
cameron lie bernard,106
cameron lie bernard,106
cameron lie bernard,106
cameron-lie bernard,108
juancho miguel besana,361
juancho miguel besana,361
victor betancourt,719
brinn bevan,95
brinn bevan,95
willi leonhard binder,730
jeremy bischoff,323
jeremy bischoff,323
jeremy bischoff,323
jeremy bischoff,323
jeremy bischoff,323
jeremy bischoff,323
jeremy bischoff,323
jeremy bischoff,323
jeremy bischoff,323
felix blaquiere,214
felix blaquiere,214
felix blaquiere,214
landen blixt,410
landen blixt,410
landen blixt,410
landen blixt,410
landen blixt,410
landen blixt,410
landen blixt,410
landen blixt,410
cameron bock,105
cameron bock,105
cameron bock,105
cameron bock,105
cameron bock,105
cameron bock,105
cameron bock,105
cameron bock,105
cameron bock,105
cameron bock,105
lorenzo bonicelli,424
lorenzo bonicelli,424
lorenzo bonicelli,424
punyapat boonpatham,585
quentin brandenburger,586
garrett braunton,238
garrett braunton,238
garrett braunton,238
garrett braunton,238
axel breche,77
pascal brendel,563
pascal brendel,563
pascal brendel,563
pascal brendel,563
pascal brendel,563
pascal brendel,563
pascal brendel,563
henry brooker,266
hunter brunett,270
kevin george buckley,390
kevin george buckley,390
kevin george buckley,390
tyson bull,710
tyson bull,710
hasan bulut,263
hasan bulut,263
hasan bulut,263
hasan bulut,263
hasan bulut,263
syam buradagunta,677
taylor burkhart,687
taylor burkhart,687
taylor burkhart,687
taylor burkhart,687
taylor burkhart,687
taylor burkhart,687
taylor burkhart,687
taylor burkhart,687
taylor burkhart,687
gabriel burtanete,235
gabriel burtanete,235
gabriel burtanete,235
gabriel burtanete,235
gabriel burtanete,235
gabriel burtanete,235
gabriel burtanete,235
robert burtanete,610
robert burtanete,610
robert burtanete,610
robert burtanete,610
robert burtanete,610
robert burtanete,610
jose caballero,344
jose caballero,344
jossimar orlando calvo moreno,357
jossimar orlando calvo moreno jo,358
guilherme campos,250
guilherme campos,250
guilherme campos,250
jan carreres,313
daniel carrion caro,148
daniel carrion caro,148
lorenzo carrozzo,425
hamish carter,254
hamish carter,254
kevin carvalho,387
lorenzo minh casali,426
lorenzo minh casali,426
lorenzo minh casali,426
lorenzo minh casali,426
lorenzo minh casali,426
lorenzo minh casali,426
marcus casamento,455
onur celik,551
onur celik,551
joseph cemlyn jones,350
joseph cemlyn jones,350
joseph cemlyn jones,350
kelvin cham,383
michalis chari,489
michalis chari,489
michalis chari,489
michalis chari,489
michalis chari,489
michalis chari,489
gytis chasazyrovas,251
gytis chasazyrovas,251
gytis chasazyrovas,251
gytis chasazyrovas,251
gytis chasazyrovas,251
gytis chasazyrovas,251
gytis chasazyrovas,251
gytis chasazyrovas,251
gytis chasazyrovas,251
gytis chasazyrovas,251
gytis chasazyrovas,251
addyson cheladyn,10
ng chun chen,519
nazar chepurnyi,513
nazar chepurnyi,513
kenta chiba,385
kenta chiba,385
kenta chiba,385
kenta chiba,385
solen chiodi,668
j.r. chou,293
j.r. chou,293
j.r. chou,293
dip roy chowdhury,174
kelton christiansen,382
taylor christopulos,688
taylor christopulos,688
taylor christopulos,688
taylor christopulos,688
taylor christopulos,688
taylor christopulos,688
taylor troy christopulos,689
taylor troy christopulos,689
weerapat chuaisom,724
weerapat chuaisom,724
weerapat chuaisom,724
ryan cirino,627
zachary clay,766
zachary clay,766
zachary clay,766
zachary clay,766
zachary clay,766
zachary clay,766
zachary clay,766
zachary nathaniel clay,767
zachary nathaniel clay,767
mc rhys clenaghan,480
mc rhys clenaghan,480
mc rhys clenaghan,480
mc rhys clenaghan,480
mc rhys clenaghan,480
mc rhys clenaghan,480
caden clinton,97
caden clinton,97
asher cohen,69
asher cohen,69
asher cohen,69
wilfry contreras,728
wilfry contreras,728
wilfry contreras,728
joshua cook,353
joshua cook,353
elliott cooper,193
matt cormier,468
matt cormier,468
matt cormier,468
matt cormier,468
matt cormier,468
matt cormier,468
matt cormier,468
matt cormier,468
patrick correa,564
tate costa,686
rene cournoyer,601
rene cournoyer,601
rene cournoyer,601
euan cox,201
prado cristobal,584
kevin crovetto,388
mathieu csukassy,466
clayton cunningham,132
dominick cunningham,180
dominick cunningham,180
dominick cunningham,180
dominick cunningham,180
aidan cuy,22
nicola cuyle,527
nicola cuyle,527
nicola cuyle,527
enkhtuvshin damdindorj,197
enkhtuvshin damdindorj,197
enkhtuvshin damdindorj,197
enkhtuvshin damdindorj,197
brandon dang,92
brandon dang,92
ngoc xuan thien dang,520
ngoc xuan thien dang,520
ngoc xuan thien dang,520
ngoc xuan thien dang,520
ngoc xuan thien dang,520
ngoc xuan thien dang,520
lukas dauser,442
lukas dauser,442
lukas dauser,442
lukas dauser,442
lukas dauser,442
chase davenport-mills,119
chase davenport-mills,119
chase davenport-mills,119
evan davis,203
lachlan kent davis,407
mathew davis,465
artur davtyan,67
artur davtyan,67
artur davtyan,67
artur davtyan,67
artur davtyan,67
artur davtyan,67
artur davtyan,67
artur davtyan,67
artur davtyan,67
artur davtyan,67
artur davtyan,67
artur davtyan,67
artur davtyan,67
artur davtyan,67
artur davtyan,67
artur davtyan,67
alejandro de la cruz,31
alejandro de la cruz,31
alejandro de la cruz gato,32
loran de munck,422
loran de munck,422
loran de munck,422
loran de munck,422
loran de munck,422
loran de munck,422
edoardo de rosa,185
edoardo de rosa,185
edoardo de rosa,185
lucas de souza bitencourt,432
martijn de veer,460
paul degouy,571
lucas desanges,433
lucas desanges,433
lucas desanges,433
debang dey,162
thierno diallo,693
thierno diallo,693
thierno diallo,693
thierno diallo,693
thierno diallo,693
thierno diallo,693
thierno diallo,693
thierno diallo,693
thierno diallo,693
thierno diallo,693
thierno diallo,693
thierno diallo,693
thierno diallo,693
thierno diallo,693
ethan dick,200
ethan dick,200
ethan dick,200
ethan dick,200
ethan dick,200
ethan dick,200
samual dick,639
ryosuke doi,630
ryosuke doi,630
ryosuke doi,630
ryosuke doi,630
felix dolci,215
felix dolci,215
felix dolci,215
felix dolci,215
felix dolci,215
felix dolci,215
felix dolci,215
artem dolgopyat,64
artem dolgopyat,64
artem dolgopyat,64
artem dolgopyat,64
artem dolgopyat,64
artem dolgopyat,64
artem dolgopyat,64
artem dolgopyat,64
artem dolgopyat,64
artem dolgopyat,64
artem dolgopyat,64
artem dolgopyat,64
artem dolgopyat,64
artem dolgopyat,64
artem dolgopyat,64
isaiah drake,288
isaiah drake,288
isaiah drake,288
isaiah drake,288
isaiah drake,288
isaiah drake,288
isaiah drake,288
isaiah drake,288
sviataslau dranitski,676
colton dudley,137
nils dunkel,536
nils dunkel,536
nils dunkel,536
nils dunkel,536
nils dunkel,536
nils dunkel,536
nils dunkel,536
nils dunkel,536
nils dunkel,536
nils dunkel,536
nils dunkel,536
nils dunkel,536
miroslav durak,497
xheni dyrmishi,739
xheni dyrmishi,739
xheni dyrmishi,739
xheni dyrmishi,739
xheni dyrmishi,739
xheni dyrmishi,739
xheni dyrmishi,739
xheni dyrmishi,739
xheni dyrmishi,739
xheni dyrmishi,739
xheni dyrmishi,739
xheni dyrmishi,739
xheni dyrmishi,739
xheni dyrmishi,739
xheni dyrmishi,739
xheni dyrmishi,739
xheni dyrmishi,739
xheni dyrmishi,739
xheni dyrmishi,739
jacob edwards,297
jacob edwards,297
jacob guest edwards,298
william emard,731
william emard,731
william emard,731
william emard,731
william emard,731
william emard,731
william emard,731
khabibullo ergashev,392
khabibullo ergashev,392
khabibullo ergashev,392
khabibullo ergashev,392
khabibullo ergashev,392
khabibullo ergashev,392
khabibullo ergashev,392
khabibullo ergashev,392
khabibullo ergashev,392
khabibullo ergashev,392
khabibullo ergashev,392
usukhbayar erkhembayar,712
usukhbayar erkhembayar,712
usukhbayar erkhembayar,712
usukhbayar erkhembayar,712
usukhbayar erkhembayar,712
diorges escobar,173
diorges escobar,173
diorges escobar,173
diorges escobar,173
diorges escobar,173
diorges escobar,173
diorges adriano escobar olmo,172
diorges adriano escobar olmo,172
kevin espinosa castillo,389
benjamin eyre,81
isaac farfan,285
isaac farfan,285
caleb faulk,101
caleb faulk,101
caleb fischle faulk,102
korben fellows,401
korben fellows,401
korben fellows,401
ruchira fernando,623
ruchira fernando,623
francisco antonio flaque,224
will fleck,729
will fleck,729
will fleck,729
will fleck,729
mike fletcher,492
mike fletcher,492
mike fletcher,492
mike fletcher,492
mike fletcher,492
tomas florencio,702
colin flores,134
colin flores,134
colin flores,134
colin flores,134
tyler flores,708
tyler flores,708
daniel fox,149
nicky franz,524
loris frasca,427
joe fraser,334
joe fraser,334
joe fraser,334
joe fraser,334
joe fraser,334
joe fraser,334
joe fraser,334
joe fraser,334
joe fraser,334
joe fraser,334
joe fraser,334
jack freeman,294
andrin frey,54
andrin frey,54
andrin frey,54
andrin frey,54
aiden frick,23
aiden frick,23
aiden michael frick,24
james friedman,308
william fu allen,732
william fu allen,732
william fu-allen,733
william fuallen,734
sasaki fumiya,647
jack gagamov,295
aghamurad gahramanov,17
maximiliano galicia,477
maximiliano galicia,477
maximiliano galicia,477
maximiliano galicia,477
maximiliano galicia flores,478
maximiliano galicia flores,478
raydel gamboa,597
nicolas garfias,529
nicolas garfias,529
nicolas garfias,529
nicolas andres garfias chan,528
kacper garnczarek,371
kacper garnczarek,371
kacper garnczarek,371
kacper garnczarek,371
kacper garnczarek,371
kacper garnczarek,371
luca lino garza,430
luca lino garza,430
sebastian gawronski,648
sebastian gawronski,648
sebastian gawronski,648
sebastian gawronski,648
sebastian gawronski,648
sebastian gawronski,648
sebastian norbert gawronski,649
maxime gentges,476
maxime gentges,476
maxime gentges,476
maxime gentges,476
maxime gentges,476
maxime gentges,476
maxime gentges,476
maxime gentges,476
maxime gentges,476
ilias georgiou,281
ilias georgiou,281
ilias georgiou,281
ilias georgiou,281
ilias georgiou,281
marios georgiou,458
marios georgiou,458
marios georgiou,458
marios georgiou,458
marios georgiou,458
marios georgiou,458
marios georgiou,458
marios georgiou,458
marios georgiou,458
samuel ghinn,640
samuel ghinn,640
lay giannini,412
lay giannini,412
lay giannini,412
andrés esteban girón álvarez,55
luca giubellini,429
luca giubellini,429
luca giubellini,429
stavros gkinis,670
rodrigo gomez,616
rodrigo gomez,616
rodrigo gomez,616
rodrigo gomez,616
edward gonzales,186
edward gonzales,186
edward gonzales,186
kristian grahovski,402
alkinoos nikolaos graikos,41
alkinoos nikolaos graikos,41
fraser guest griffiths,228
david grossman,155
rodrigo grosso,617
jermain gruenberg,324
jermain gruenberg,324
jermain gruenberg,324
jermain gruenberg,324
martin gudmundsson,461
martin gudmundsson,461
nelson guilbe,515
nelson guilbe morales,516
nelson guilbe morales,516
nelson alberto guilbe morales,514
nelson alberto guilbe morales,514
vitaliy guimaraes,721
yuri guimaraes,762
yuri guimarães,763
pavel gulidov,573
ian gunther,271
ian gunther,271
ian gunther,271
ian gunther,271
ian gunther,271
franco gutierrez,226
jordi hagenaar,341
jordi hagenaar,341
jordi hagenaar,341
jordi hagenaar,341
jordi hagenaar,341
dallas hale,144
dallas hale,144
dallas hale,144
dallas hale,144
dallas hale,144
james hall,309
james hall,309
james hall,309
james hall,309
james hall,309
james hall,309
james hall,309
james hall,309
james hall,309
james hall,309
james hall,309
james hall,309
houssem eddine hamadouche,269
mohammadreza hamidi,501
mohammadreza hamidi,501
sandy hardiman,643
james hardy,310
james hardy,310
james hardy,310
rakah al harithi,590
rakan al harithi,591
jacob harmon,299
tsuyoshi hasegawa,706
tsuyoshi hasegawa,706
daiki hashimoto,142
daiki hashimoto,142
daiki hashimoto,142
daiki hashimoto,142
daiki hashimoto,142
daiki hashimoto,142
daiki hashimoto,142
daiki hashimoto,142
daiki hashimoto,142
joseph judah hatoguan,351
kazuki hayashi,377
kazuki hayashi,377
mikhail haziq,493
mikhail haziq,493
sofus heggemsnes,667
sofus heggemsnes,667
sofus heggemsnes,667
sofus heggemsnes,667
sofus heggemsnes,667
sofus heggemsnes,667
daiki hidaka,143
daiki hidaka,143
koga hiramatsu,399
koga hiramatsu,399
carlo hoerr,109
asher hong,70
asher hong,70
asher hong,70
asher hong,70
asher hong,70
asher hong,70
asher hong,70
asher hong,70
asher hong,70
asher hong,70
asher hong,70
asher hong,70
asher hong,70
asher hong,70
george honnor,242
patrick hoopes,566
patrick hoopes,566
patrick hoopes,566
patrick hoopes,566
patrick hoopes,566
patrick hoopes,566
patrick hoopes,566
niall hooton,521
carlo horr,110
hamza hossaini,255
milan hosseini,496
anze hribar,60
yen chang huang,746
david huddleston,156
david huddleston,156
david huddleston,156
david huddleston,156
yuan hsi hung,757
yuan-hsi hung,758
yuan-hsi hung,758
woong hur,738
evan hymanson,204
evan hymanson,204
evan hymanson,204
evan hymanson,204
evan hymanson,204
evan hymanson,204
carlo hörr,111
carlo hörr,111
karl idesjoe,375
karl idesjoe,375
luis il sung melander,437
luis il sung melander,437
nikolaos iliopoulos,534
nikolaos iliopoulos,534
eyal indig,208
eyal indig,208
eyal indig,208
eyal indig,208
eyal indig,208
eyal indig,208
eyal indig,208
eyal indig,208
eliran ioscovich,192
michalis isaias,490
khumoyun islomov,396
anton jaaskelainen,57
aron jacobsen,63
aron jacobsen,63
mathys jalbert,467
tegshmurun jamiyankhuu,690
jake jarman,302
jake jarman,302
jake jarman,302
jake jarman,302
jake jarman,302
jake jarman,302
jake jarman,302
jake jarman,302
jake jarman,302
jake jarman,302
jake jarman,302
jake jarman,302
jake jarman,302
jake jarman,302
jake jarman,302
michael jaroh,486
michael jaroh,486
michael jaroh,486
michael jaroh,486
michael jaroh,486
michael jaroh,486
julian jato,363
julian jato,363
julian ezequiel jato,362
julian ezequiel jato,362
julian ezequiel jato,362
yoseop jeon,753
yoseop jeon,753
yoseop jeon,753
tan fu jie,683
tan fu jie,683
tan fu jie,683
dilan jimenez,167
dilan jimenez,167
pau jimenez,569
dilan jimenez giraldo,168
dilan jimenez giraldo,168
dilan andres jimenez giraldo,166
pau jimenez i fernandez,570
ioane jimsheleishvili,284
abdulaziz al johani,3
jake johnson,303
jake johnson,303
arnthor jonasson,62
thomas jones,694
thomas jones,694
josue juarez,360
josue juarez,360
paul juda,572
paul juda,572
paul juda,572
paul juda,572
utkirbek juraev,713
utkirbek juraev,713
utkirbek juraev,713
utkirbek juraev,713
utkirbek juraev,713
utkirbek juraev,713
utkirbek juraev,713
utkirbek juraev,713
lim kaeson,421
lim kaeson,421
ondrej kalny,550
ondrej kalny,550
ravshan kamiljanov,595
ravshan kamiljanov,595
ravshan kamiljanov,595
ravshan kamiljanov,595
ravshan kamiljanov,595
ravshan kamiljanov,595
ravshan kamiljanov,595
ravshan kamiljanov,595
apostolos kanellos,61
apostolos kanellos,61
apostolos kanellos,61
apostolos kanellos,61
tarmo kanerva,684
tarmo kanerva,684
tarmo tuomas kanerva,685
matthew kapp,470
matthew kapp,470
matthew kapp,470
alex karadzhov,34
alex karadzhov,34
pavel karenejenko,574
milad karimi,495
milad karimi,495
milad karimi,495
milad karimi,495
milad karimi,495
milad karimi,495
milad karimi,495
milad karimi,495
jacob karlsen,300
jacob karlsen,300
pavel karnejenko,575
pavel karnejenko,575
pavel karnejenko,575
pavel karnejenko,575
pavel karnejenko,575
joshua karnes,355
joshua karnes,355
joshua karnes,355
joshua karnes,355
joshua karnes,355
joshua karnes,355
joshua andrew karnes,352
joshua andrew karnes,352
akseli karsikas,26
aleksandr kartsev,33
oliver kasala,546
shohei kawakami,665
shohei kawakami,665
shohei kawakami,665
shohei kawakami,665
kazuma kaya,379
kazuma kaya,379
kazuma kaya,379
kazuma kaya,379
kazuma kaya,379
kazuma kaya,379
kazuma kaya,379
saeedreza keikha,633
saeedreza keikha,633
georgios kelesidis,244
georgios kelesidis,244
luka keybus,439
luka keybus,439
luka keybus,439
luka keybus,439
gagik khachikyan,236
gagik khachikyan,236
gagik khachikyan,236
gagik khachikyan,236
gagik khachikyan,236
gagik khachikyan,236
gagik khachikyan,236
gagik khachikyan,236
gagik khachikyan,236
gagik khachikyan,236
gagik khachikyan,236
gagik khachikyan,236
gagik khachikyan,236
gagik khachikyan,236
gagik khachikyan,236
gagik khachikyan,236
gagik khachikyan,236
gagik khachikyan,236
gagik khachikyan,236
zaid khater,769
mohammadreza khosronezhad,502
mohammadreza khosronezhad,502
mohammadreza khosronezhad,502
sangkheong khumi,644
mert efe kilicer,482
mert efe kilicer,482
mert efe kilicer,482
hansol kim,258
hansol kim,258
jaeho kim,301
jaeho kim,301
jaeho kim,301
jaeho kim,301
jaeho kim,301
oskar kirmes,554
oskar kirmes,554
oskar kirmes,554
oskar kirmes,554
oskar kirmes,554
robert kirmes,611
robert kirmes,611
robert kirmes,611
robert kirmes,611
robert kirmes,611
luka kisek,440
luka kisek,440
luka kisek,440
luka kisek,440
balazs kiss,78
balazs kiss,78
balazs kiss,78
balazs kiss,78
balazs kiss,78
balazs kiss,78
takeru kitazono,681
takeru kitazono,681
takeru kitazono,681
takeru kitazono,681
lucas kochan,434
lucas kochan,434
lucas kochan,434
lucas kochan,434
mahdi ahmad kohani,448
leo koike,414
pantely kolodii,561
pantely kolodii,561
pantely kolodii,561
pantely kolodii,561
pantely kolodii,561
anthony koppie,56
anthony koppie,56
anthony koppie,56
mehmet ayberk kosak,481
mehmet ayberk kosak,481
mehmet ayberk kosak,481
mehmet ayberk kosak,481
mehmet ayberk kosak,481
mehmet ayberk kosak,481
mehmet ayberk kosak,481
elias koski,191
elias koski,191
elias koski,191
elias koski,191
elias koski,191
elias koski,191
elias koski,191
kazuma kotoge,380
mikhail koudinov,494
mikhail koudinov,494
mikhail koudinov,494
illia kovtun,282
illia kovtun,282
illia kovtun,282
illia kovtun,282
illia kovtun,282
illia kovtun,282
illia kovtun,282
illia kovtun,282
illia kovtun,282
illia kovtun,282
illia kovtun,282
illia kovtun,282
illia kovtun,282
illia kovtun,282
illia kovtun,282
illia kovtun,282
illia kovtun,282
illia kovtun,282
illia kovtun,282
illia kovtun,282
illia kovtun,282
illia kovtun,282
illia kovtun,282
illia kovtun,282
nikolaos kranitis,535
severin kranzlmueller,657
severin kranzlmueller,657
severin kranzlmüller,658
severin kranzlmüller,658
noah kuavita,537
noah kuavita,537
noah kuavita,537
nicolas kuebler,530
abhijeet kumar,5
abhijeet kumar,5
abhijeet kumar,5
abhijeet kumar,5
gaurav kumar,240
gaurav kumar,240
hansha gayashan kumarasinghege,257
ittirit kumsiriratn,289
ittirit kumsiriratn,289
ittirit kumsiriratn,289
alexander kunz,37
alexander kunz,37
alexander kunz,37
alexander kunz,37
nariman kurbanov,511
nariman kurbanov,511
nariman kurbanov,511
nariman kurbanov,511
nariman kurbanov,511
nariman kurbanov,511
nariman kurbanov,511
nariman kurbanov,511
nariman kurbanov,511
nariman kurbanov,511
nariman kurbanov,511
nariman kurbanov,511
nariman kurbanov,511
nariman kurbanov,511
nariman kurbanov,511
nariman kurbanov,511
nariman kurbanov,511
nariman kurbanov,511
nariman kurbanov,511
nariman kurbanov,511
nariman kurbanov,511
nariman kurbanov,511
nariman kurbanov,511
nariman kurbanov,511
nariman kurbanov,511
nariman kurbanov,511
nariman kurbanov,511
nariman kurbanov,511
nariman kurbanov,511
nariman kurbanov,511
nariman kurbanov,511
titas kuzmickas,697
tomas kuzmickas,703
tomas kuzmickas,703
tomas kuzmickas,703
tomas kuzmickas,703
tomas kuzmickas,703
neofytos kyriakou,517
neofytos kyriakou,517
xingyu lan,740
xingyu lan,740
xingyu lan,740
xingyu lan,740
ruan lange,622
florian langenegger,222
florian langenegger,222
florian langenegger,222
florian langenegger,222
florian langenegger,222
florian langenegger,222
florian langenegger,222
ian lasic-ellis,273
ian lasic-ellis,273
ian lasic-ellis,273
ian lasic-ellis,273
ian lasic-ellis,273
ian lasic-ellis,273
ian lasic-ellis,273
andrew layman,53
james leaver,311
chih lee,124
chih lee,124
chih kai lee,123
chih kai lee,123
chih kai lee,123
chih kai lee,123
chih kai lee,123
chih kai lee,123
chih kai lee,123
chih kai lee,123
chih kai lee,123
chih kai lee,123
chih-kai lee,125
chih-kai lee,125
chih-kai lee,125
daniel lee,150
daniel lee,150
junghyo lee,366
junghyo lee,366
junghyo lee,366
junghyo lee,366
junghyo lee,366
junghyo lee,366
junghyo lee,366
junho lee,368
junho lee,368
junho lee,368
charles-etienne legare,118
charles-etienne legare,118
joakim lenberg,333
joakim lenberg,333
justine ace de leon,370
justine ace de leon,370
luciano letelier,436
luciano letelier,436
luciano letelier,436
matteo levantesi,469
matteo levantesi,469
matteo levantesi,469
matteo levantesi,469
henry lewis,267
jamie lewis,312
jamie lewis,312
jamie lewis,312
jamie lewis,312
toby liang,698
toby liang,698
toby liang,698
toby liang,698
ernestas liaskinas,199
jun yi zac liew,365
zac liew,765
zac liew,765
chaopan lin,117
chaopan lin,117
chaopan lin,117
guan lin,247
guan yi lin,248
guan-yi lin,249
guan-yi lin,249
jakob lindlbauer,304
jakob lindlbauer,304
ilia liubimov,280
ilia liubimov,280
ilia liubimov,280
ilia liubimov,280
ilia liubimov,280
ilia liubimov,280
ilia liubimov,280
ilia liubimov,280
ilia liubimov,280
ilia liubimov,280
ilia liubimov,280
ilia liubimov,280
ilia liubimov,280
riley loos,608
riley loos,608
riley loos,608
riley loos,608
riley loos,608
riley loos,608
riley loos,608
riley loos,608
riley loos,608
riley loos,608
cesar lopez,116
cesar lopez,116
jose lopez,345
jose lopez,345
jose lopez,345
jose lopez,345
jose lopez,345
jose antonio lopez martinez,343
jose antonio lopez martinez,343
cameron lynn,107
cameron lynn,107
cameron lynn,107
cameron lynn,107
cameron lynn,107
cameron lynn,107
mario macchiati,457
mario macchiati,457
mario macchiati,457
mario macchiati,457
mario macchiati,457
mario macchiati,457
mario macchiati,457
mario macchiati,457
carlo macchini,112
carlo macchini,112
carlo macchini,112
carlo macchini,112
carlo macchini,112
koki maeda,400
koki maeda,400
igor magalhaes,279
igor magalhaes,279
brody malone,96
brody malone,96
brody malone,96
brody malone,96
brody malone,96
brody malone,96
brody malone,96
brody malone,96
brody malone,96
brody malone,96
leonardo mamani betancourt,417
roman mamenov,618
roman mamenov,618
evan manivong,205
evan manivong,205
evan manivong,205
razvan denis marc,598
razvan denis marc,598
razvan denis marc,598
razvan denis marc,598
razvan-denis marc,599
razvan-denis marc,599
arthur mariano,66
arthur mariano,66
arthur mariano,66
arthur mariano,66
marcelo marques,452
marcelo marques,452
marcelo marques,452
christian marsh,128
andres martinez,48
andres martinez,48
andres martinez,48
andres martinez,48
jose martinez,347
jose martinez,347
manuel martinez,451
manuel martinez,451
manuel martinez,451
victor martinez,720
victor martinez,720
andres martinez moreno,49
andres martinez moreno,49
andres martinez moreno,49
andres martinez moreno,49
andres martinez moreno,49
andres martinez moreno,49
andres martinez moreno,49
felipe martinez moreno,212
felipe martinez moreno,212
jose manuel martinez moreno,346
jose manuel martinez moreno,346
clay mason stephens,129
clay mason stephens,129
clay mason stephens,129
clay mason stephens,129
clay masonstephens,130
askhab matiev,71
askhab matiev,71
askhab matiev,71
askhab matiev,71
kazuki matsumi,378
santiago mayol,645
santiago mayol,645
santiago mayol,645
santiago mayol,645
santiago mayol,645
santiago mayol,645
santiago mayol,645
santiago mayol,645
ewan mc ateer,207
rhys mc clenaghan,602
rhys mc clenaghan,602
rhys mc clenaghan,602
rhys mc clenaghan,602
rhys mc clenaghan,602
rhys mc clenaghan,602
rhys mc clenaghan,602
rhys mc clenaghan,602
rhys mc clenaghan,602
rhys mcclenaghan,603
rhys mcclenaghan,603
rhys mcclenaghan,603
rhys mcclenaghan,603
rhys mcclenaghan,603
rhys mcclenaghan,603
rhys mcclenaghan,603
matthew mcclymont,471
matthew mcclymont,471
euan mclellan,202
euan mclellan,202
ronan mcquillan,621
mykyta melnykov,509
mykyta melnykov,509
mykyta melnykov,509
mykyta melnykov,509
mykyta melnykov,509
mykyta melnykov,509
caleb melton,103
caleb melton,103
caleb melton,103
caleb melton,103
jose pedro mendes nogueira,349
harutyun merdinyan,262
harutyun merdinyan,262
harutyun merdinyan,262
harutyun merdinyan,262
harutyun merdinyan,262
harutyun merdinyan,262
harutyun merdinyan,262
harutyun merdinyan,262
harutyun merdinyan,262
harutyun merdinyan,262
harutyun merdinyan,262
harutyun merdinyan,262
harutyun merdinyan,262
harutyun merdinyan,262
harutyun merdinyan,262
harutyun merdinyan,262
harutyun merdinyan,262
harutyun merdinyan,262
harutyun merdinyan,262
krisztofer meszaros,404
krisztofer meszaros,404
krisztofer meszaros,404
krisztofer meszaros,404
krisztofer meszaros,404
krisztofer meszaros,404
krisztofer meszaros,404
krisztofer meszaros,404
krisztofer meszaros,404
krisztofer meszaros,404
krisztofer meszaros,404
krisztofer meszaros,404
krisztofer meszaros,404
krisztofer meszaros,404
krisztofer meszaros,404
krisztofer meszaros,404
krisztofer meszaros,404
krisztofer meszaros,404
hillal metidji,268
hillal metidji,268
hillal metidji,268
hillal metidji,268
hillal metidji,268
muhammad khaalid mia,504
muhammad khaalid mia,504
dimitrijs mickevics,169
dmitrijs mickevics,176
dmitrijs mickevics,176
dmitrijs mickevics,176
dmitrijs mickevics,176
dmitrijs mickevics,176
dmitrijs mickevics,176
dmitrijs mickevics,176
dmitrijs mickevics,176
dmitrijs mickevics,176
martin miggitsch,462
nicolau mir,531
nicolau mir,531
nicolau mir,531
nicolau mir,531
nicolau mir,531
nicolau mir rossello,532
nicolau mir rossello,532
bernardo miranda,84
bernardo miranda,84
izaiha mlay,292
izaiha mlay,292
ali al mobireek,39
toma modoianu zseder,699
toma modoianu zseder,699
toma roland modoianu zseder,701
toma roland modoianu zseder,701
toma roland modoianu zseder,701
toma modoianu-zseder,700
omar mohamed,549
omar mohamed,549
yul moldauer,760
yul moldauer,760
yul moldauer,760
yul moldauer,760
yul moldauer,760
yul moldauer,760
yul moldauer,760
yul moldauer,760
yul moldauer,760
yul moldauer,760
yul moldauer,760
yul kyung tae moldauer,759
yul kyung tae moldauer,759
botond molnar,89
botond molnar,89
yuri monteverde,764
jesse moore,325
jesse moore,325
jesse moore,325
sergio moreno,655
finlay morgan,221
finlay morgan,221
samuel morgan,641
rudi moriano,624
sam mostowfi,636
sam mostowfi,636
nicolo mozzato,533
nicolo mozzato,533
loran munck,423
loran munck,423
loran munck,423
loran de munck,422
loran de munck,422
loran de munck,422
loran de munck,422
loran de munck,422
loran de munck,422
andrei vasile muntean,45
alexander myakinin,38
alexander myakinin,38
alexander myakinin,38
alexander myakinin,38
alexander myakinin,38
alexander myakinin,38
alexander myakinin,38
alexander myakinin,38
alexander myakinin,38
alexander myakinin,38
alexander myakinin,38
alexander myakinin,38
alexander myakinin,38
alexander myakinin,38
alexander myakinin,38
farukh nabiyev,210
saleem naghouj,635
saleem naghouj,635
saleem naghouj,635
saleem naghouj,635
lais najjar,409
lais najjar,409
lais najjar,409
abderrazak nasser,2
abderrazak nasser,2
abderrazak nasser,2
abderrazak nasser,2
abderrazak nasser,2
joshua nathan,356
joshua nathan,356
joshua nathan,356
joshua nathan,356
joshua nathan,356
joshua nathan,356
joshua nathan,356
joshua nathan,356
joshua nathan,356
joshua nathan,356
joshua nathan,356
joshua nathan,356
stephen nedoroscik,673
stephen nedoroscik,673
stephen nedoroscik,673
stephen nedoroscik,673
stephen nedoroscik,673
stephen nedoroscik,673
stephen nedoroscik,673
stephen nedoroscik,673
stephen nedoroscik,673
stephen nedoroscik,673
stephen nedoroscik,673
stephen nedoroscik,673
robert neff,612
kameron nelson,374
kameron nelson,374
kameron nelson,374
kameron nelson,374
kameron nelson,374
kameron nelson,374
rustambek nematov,626
matej nemcovic,463
matej nemcovic,463
matej nemcovic,463
matej nemcovic,463
matej nemcovic,463
noah newfeld,538
noah newfeld,538
noah newfeld,538
noah newfeld,538
brandon nguyen,93
brandon nguyen,93
brandon nguyen,93
phuoc hai nguyen,582
van khanh phong nguyen,716
audrys nin,74
audrys nin,74
audrys nin,74
audrys nin reyes,75
audrys nin reyes,75
audrys nin reyes,75
audrys nin reyes,75
audrys nin reyes,75
jose nogueira,348
jose nogueira,348
jose nogueira,348
jose nogueira,348
jose nogueira,348
bradley noordzij,91
none nourishourakchali,542
jared noyman,316
troy nuesca,705
isaac nunez,286
isaac nunez,286
isaac nunez,286
isaac nunez,286
isaac nunez,286
isaac nunez,286
isaac nunez,286
zachary nunez,768
zachary nunez,768
zachary nunez,768
zachary nunez,768
isaac nuñez,287
isaac nuñez,287
theo amari ochana,692
theo amari ochana,692
jorden oconnell inns,339
maxwell odden,479
shinnosuke oka,663
shinnosuke oka,663
dagur olafsson,141
dagur kari olafsson,140
dagur kari olafsson,140
ahmet onder,20
ahmet onder,20
ahmet onder,20
ahmet onder,20
ahmet onder,20
ahmet onder,20
ahmet onder,20
takumi onoshima,682
takumi onoshima,682
takumi onoshima,682
takumi onoshima,682
takumi onoshima,682
benjamin osberger,82
benjamin osberger,82
benjamin osberger,82
benjamin osberger,82
benjamin osberger,82
benjamin osberger,82
benjamin osberger,82
benjamin osberger,82
benjamin osberger,82
benjamin osberger,82
benjamin osberger,82
benjamin osberger,82
benjamin osberger,82
benjamin osberger,82
benjamin osberger,82
benjamin osberger,82
benjamin osberger,82
volodymyr otreshko,722
volodymyr otreshko,722
volodymyr otreshko,722
ryan owen,628
jorden o’connell-inns,340
jorden o’connell-inns,340
maddox pabellon,447
austin padgett,76
songhyok pak,669
jesse-lee pakele,326
petro pakhniuk,581
petro pakhniuk,581
petro pakhniuk,581
petro pakhniuk,581
patrick harri aaron palmroth,565
cole partridge,133
cole partridge,133
cole partridge,133
rakesh patra,593
stefano patron,671
william pearce,735
leandro pena,413
leandro pena,413
leandro pena,413
eddie penev,183
kevin penev,391
kevin penev,391
kevin penev,391
kevin penev,391
alberto perez,29
alonso perez,42
andres perez,50
andres perez,50
andres perez,50
andres josue perez gines,46
andres josue perez gines,46
andres josue perez gines,46
andres josue perez ginez,47
andres josue perez ginez,47
alonso perez torres,43
vahe petrosyan,714
vahe petrosyan,714
vahe petrosyan,714
vahe petrosyan,714
matvei petrov,472
matvei petrov,472
matvei petrov,472
matvei petrov,472
matvei petrov,472
matvei petrov,472
matvei petrov,472
matvei petrov,472
matvei petrov,472
matvei petrov,472
matvei petrov,472
matvei petrov,472
matvei petrov,472
matvei petrov,472
matvei petrov,472
matvei petrov,472
matvei petrov,472
matvei petrov,472
matvei petrov,472
matvei petrov,472
matvei petrov,472
matvei petrov,472
matvei petrov,472
matvei petrov,472
matvei petrov,472
matvei petrov,472
matvei petrov,472
matvei petrov,472
matvei petrov,472
matvei petrov,472
matvei petrov,472
matvei petrov,472
marco pfyl,453
phuoc hieu pham,583
phuoc hieu pham,583
joel plata,336
joel plata,336
joel plata,336
joel plata,336
joel plata,336
joel plata,336
joel plata,336
joel plata,336
joel plata,336
ricards plate,605
ricards plate,605
ricards plate,605
ricards plate,605
ricards plate,605
ricards plate,605
ricards plate,605
ricards plate,605
ricards plate,605
murilo pontedura,507
luis porto,438
pablo pozo,558
pablo pozo,558
pablo pozo,558
pablo pozo,558
pablo harold pozo decos,556
pablo harold pozo decos,556
owen print,555
owen print,555
leonard prügel,416
micah puckett,483
rithik puri,609
rithik puri,609
ronaldo garda putra,620
jimi päivänen,329
jimi pävänen,330
alberto pérez fernández,30
achraf quistas,7
liam rabic,420
liam rabic,420
liam rabic,420
rayan radkov,596
daniel radovesnicky,151
abu saeed rafi,6
abu saeed rafi,6
al harith rakan,27
al harith rakan,27
al harith rakan,27
al harith rakan,27
al harith rakan,27
al-harith rakan,28
dominic ramalho,178
jeordy ramirez,321
jeordy ramirez castro,322
jayson rampersad,320
jayson rampersad,320
jayson rampersad,320
jayson rampersad,320
jayson rampersad,320
jayson rampersad,320
jayson rampersad,320
yazz ramsahai,743
yazz ramsahai,743
tim randegger,696
ian michael raubal,274
ian michael raubal,274
giarnni regini moran,245
giarnni regini moran,245
giarnni regini moran,245
michael reid,487
michael james reid,485
valgard reinhardsson,715
valgard reinhardsson,715
valgard reinhardsson,715
valgard reinhardsson,715
dietmar reinhardt,164
dietmar reinhardt,164
dietmar reinhardt,164
dietmar v. reinhardt codina,165
felix remuta,216
wichol ri,727
wichol ri,727
fred richard,229
fred richard,229
fred richard,229
fred richard,229
fred richard,229
frederick richard,231
frederick richard,231
frederick richard,231
frederick richard,231
frederick richard,231
frederick richard,231
frederick nathaniel richard,230
frederick nathaniel richard,230
caleb rickard,104
oriol rifa,552
oriol rifa pedreno,553
yofie fagrezi rifanani,748
thomas roberts,695
remell robinson bailey,600
tomas rodrigues florencio,704
javier rojo,317
edward rolin,188
edward rolin,188
edward rolin,188
edward rafael rolin carrasco,187
chong jer rong,126
edoardo de rosa,185
edoardo de rosa,185
edoardo de rosa,185
jorge rubio,342
jorge rubio,342
ricardo rudy,604
ricardo rudy,604
ricardo rudy,604
ricardo rudy,604
ricardo rudy,604
ricardo rudy,604
ricardo rudy,604
ricardo rudy,604
ricardo rudy,604
pablo ruiz sanchez,559
david rumbutis,157
david rumbutis,157
david rumbutis,157
david rumbutis,157
kurtis rutter,405
kellen ryan,381
sunghyun ryu,674
sunghyun ryu,674
sunghyun ryu,674
sunghyun ryu,674
sunghyun ryu,674
sunghyun ryu,674
sunghyun ryu,674
mika tom saefken,491
mansum safarov,449
leo saladino,415
leo saladino,415
leo saladino,415
leo saladino,415
leo saladino,415
leo saladino,415
léo saladino,445
julien saleur,364
julien saleur,364
marko sambolec,459
marko sambolec,459
marko sambolec,459
marko sambolec,459
marko sambolec,459
marko sambolec,459
marko sambolec,459
nasser al samiri,512
patrick sampaio,567
patrick sampaio correa,568
ian sandoval,275
ian sandoval,275
javier sandoval afanador,318
noah sano,539
noah sano,539
noah sano,539
leonardo matheus santos de souza,418
witsawayot saroj,737
marco sarrugerio,454
marco sarrugerio,454
filip sasnal,218
filip sasnal,218
filip sasnal,218
filip sasnal,218
filip sasnal,218
vedant sawant,717
vedant sawant,717
vedant sawant,717
vedant sawant,717
vedant sawant,717
vedant sawant,717
vedant sawant,717
vedant sawant,717
vedant sawant,717
vedant sawant,717
vedant sawant,717
vedant sawant,717
vedant sawant,717
vedant sawant,717
casimir schmidt,115
casimir schmidt,115
casimir schmidt,115
casimir schmidt,115
casimir schmidt,115
casimir schmidt,115
casimir schmidt,115
casimir schmidt,115
casimir schmidt,115
garrett schooley,239
garrett schooley,239
iwan scrivens,291
noe seifert,541
noe seifert,541
noe seifert,541
noe seifert,541
noe seifert,541
noe seifert,541
noe seifert,541
noe seifert,541
noe seifert,541
noe samuel seifert,540
robert seligman,613
robert seligman,613
robert seligman,613
kerem sener,386
kerem sener,386
kerem sener,386
jungwon seo,367
samir serhani,638
samir serhani,638
samir serhani,638
taha serhani,679
taha serhani,679
taha serhani,679
zakariae setti,770
mac seyler,446
seyed mohammad shafiei,659
david shamah,158
yahor sharamkou,741
cong shi,138
cong shi,138
cong shi,138
cong shi,138
yu shiao,755
yu shiao,755
yu jan shiao,754
yu jan shiao,754
yu jan shiao,754
yu jan shiao,754
yu jan shiao,754
yu jan shiao,754
yu jan shiao,754
yu jan shiao,754
yu jan shiao,754
yu-jan shiao,756
yu-jan shiao,756
yu-jan shiao,756
yu-jan shiao,756
yu-jan shiao,756
yu-jan shiao,756
yu-jan shiao,756
tyler shimizu,709
tyler shimizu,709
tyler shimizu,709
robin sim,615
daniel simmons,152
daniel simmons,152
daniel simmons,152
landon simpson,411
landon simpson,411
landon simpson,411
landon simpson,411
landon simpson,411
yogeshwar singh,749
yogeshwar singh,749
yogeshwar singh,749
yogeshwar singh,749
yogeshwar singh,749
yogeshwar singh,749
bidzina sitchinava,85
bidzina sitchinava,85
bidzina sitchinava,85
bidzina sitchinava,85
bidzina sitchinava,85
bidzina sitchinava,85
levan skhiladze,419
levan skhiladze,419
levan skhiladze,419
levan skhiladze,419
levan skhiladze,419
hayden skinner,264
hayden skinner,264
ian skirkey,276
ian skirkey,276
ian skirkey,276
ian skirkey,276
ian skirkey,276
ian skirkey,276
ian hunter skirkey,272
peder skogvang,577
peder skogvang,577
peder skogvang,577
peder skogvang,577
peder skogvang,577
radomir sliz,587
radomir sliz,587
radomir sliz,587
radomir sliz,587
radomir sliz,587
radomir sliz,587
radomir sliz,587
radomir sliz,587
radomir sliz,587
radomir sliz,587
radomir sliz,587
radomir sliz,587
kiplin smith,398
kiplin smith,398
kiplin smith,398
kiplin morrish smith,397
lachlan robert smith,408
daniel smyllie,153
diogo soares,171
diogo soares,171
diogo soares,171
diogo soares,171
diogo soares,171
diogo soares,171
diogo soares,171
oliver sons sanchez,547
oliver sons sanchez,547
oliver sons sanchez,547
ahmad abu al soud,18
ahmad abu al soud,18
ahmad abu al soud,18
ahmad abu al soud,18
ahmad abu al soud,18
ahmad abu al soud,18
ahmad abu al soud,18
ahmad abu al soud,18
ahmad abu al soud,18
ahmad abu al soud,18
ahmad abu al soud,18
ahmad abu al soud,18
yazan al souliman,742
yazan al souliman,742
caio souza,100
caio souza,100
caio souza,100
caio souza,100
caio souza,100
caio souza,100
caio souza,100
none souza bitencou,543
lucas souza bitencourt,435
caden spencer,98
sebastian sponevik,650
sebastian sponevik,650
senne spyckerelle,653
jack stanley,296
jack stanley,296
adam steele,8
adam steele,8
adam steele,8
adam steele,8
adam steele,8
adam steele,8
adam steele,8
radomyr stelmakh,588
radomyr stelmakh,588
radomyr stelmakh,588
radomyr stelmakh,588
marcus stenberg,456
marcus stenberg,456
nore stene,544
nore stene,544
nore stene,544
brendan strom,94
weide su,726
weide su,726
muhammad syakir aiman subri,506
sebastian sue,651
sebastián andrés sue domínguez,652
kaito sugimoto,372
kaito sugimoto,372
takaaki sugino,680
takaaki sugino,680
blake sun,86
blake sun,86
blake sun,86
blake sun,86
blake sun,86
blake sun,86
blake sun,86
blake sun,86
blake sun,86
wei sun,725
wei sun,725
wei sun,725
wei sun,725
wei sun,725
william sundell,736
william sundell,736
william sundell,736
william sundell,736
william sundell,736
bohdan suprun,87
bohdan suprun,87
atipat suwaserm,72
mykola syniukhin,508
yinga ta,747
shiga tachibana,662
kenji tamane,384
kenji tamane,384
kenji tamane,384
kenji tamane,384
saif tamboli,634
dominic tamsel,179
dominic tamsel,179
dominic daniel tamsel,177
chia hung tang,121
chia hung tang,121
chia-hung tang,122
chia-hung tang,122
chia-hung tang,122
kakeru tanigawa,373
kakeru tanigawa,373
kakeru tanigawa,373
kakeru tanigawa,373
kakeru tanigawa,373
wataru tanigawa,723
wataru tanigawa,723
david tanner,159
david tanner,159
antonios tantalidis,58
antonios tantalidis,58
antonios tantalidis,58
antonios tantalidis,58
antonios tantalidis,58
antonios tantalidis,58
alex tapanes,35
alex tapanes,35
nicholas tarca,522
nicholas tarca,522
nicholas tarca,522
akhrorkhon temirkhonov,25
parker thackston,562
jonas ingi thorisson,338
jonas ingi thorisson,338
jonas ingi thorisson,338
heath thorpe,265
heath thorpe,265
heath thorpe,265
hao tian,259
hao tian,259
ivan tikhonov,290
ivan tikhonov,290
ivan tikhonov,290
ivan tikhonov,290
ivan tikhonov,290
ivan tikhonov,290
ivan tikhonov,290
ivan tikhonov,290
ivan tikhonov,290
ivan tikhonov,290
ivan tikhonov,290
ivan tikhonov,290
ivan tikhonov,290
ivan tikhonov,290
jan gwynn timbang,314
jann gwynn timbang,315
pavel titov,576
pavel titov,576
pavel titov,576
pavel titov,576
pavel titov,576
pavel titov,576
pavel titov,576
pavel titov,576
pavel titov,576
pavel titov,576
pavel titov,576
andreas toba,44
andreas toba,44
andreas toba,44
andreas toba,44
andreas toba,44
adam tobin,9
adam tobin,9
adam tobin,9
adam tobin,9
adam tobin,9
adam tobin,9
adam tobin,9
alisher toibazarov,40
alisher toibazarov,40
diyas toishybek,175
diyas toishybek,175
diyas toishybek,175
diyas toishybek,175
benedek tomcsanyi,80
benedek tomcsanyi,80
benedek tomcsanyi,80
benedek tomcsanyi,80
benedek tomcsanyi,80
benedek tomcsanyi,80
benedek tomcsanyi,80
benedek tomcsanyi,80
cyril tommasone,139
cyril tommasone,139
cyril tommasone,139
cyril tommasone,139
cyril tommasone,139
cyril tommasone,139
michael tone,488
michael tone,488
kho tong-yu,393
dinh vuong tran,170
glenn trebing,246
glenn trebing,246
glenn trebing,246
glenn trebing,246
glenn trebing,246
glenn trebing,246
adickxon trejo,13
adickxon trejo,13
adickxon trejo basalo,14
adickxon gabriel trejo basalo,12
teodor trifonov,691
teodor trifonov,691
teodor trifonov,691
teodor trifonov,691
teodor trifonov,691
hai khang trinh,253
stefanos tsolakidis,672
stefanos tsolakidis,672
stefanos tsolakidis,672
stefanos tsolakidis,672
stefanos tsolakidis,672
ryota tsumura,631
ryota tsumura,631
ryota tsumura,631
ryota tsumura,631
ryota tsumura,631
ryota tsumura,631
robert tvorogal,614
robert tvorogal,614
robert tvorogal,614
robert tvorogal,614
robert tvorogal,614
robert tvorogal,614
robert tvorogal,614
filip ude,219
filip ude,219
filip ude,219
filip ude,219
filip ude,219
filip ude,219
filip ude,219
filip ude,219
filip ude,219
filip ude,219
filip ude,219
filip ude,219
filip ude,219
filip ude,219
filip ude,219
filip ude,219
filip ude,219
filip ude,219
filip ude,219
filip ude,219
filip ude,219
filip ude,219
erich upton,198
favian valdez,211
johnny adrian valencia,337
johnny adrian valencia,337
atli snaer valgeirsson,73
andres valverde,51
vi luong van,718
vi luong van,718
nico van den boogaard,525
luka van den keybus,441
luka van den keybus,441
luka van den keybus,441
luka van den keybus,441
colin van wicklen,135
ryan vanichtheeranont,629
ignacio varas,277
sergio vargas,656
sergio vargas,656
sergio vargas,656
sergio andres vargas rincon,654
sergio andres vargas rincon,654
antti juhani varjolaakso,59
roman vashchenko,619
roman vashchenko,619
roman vashchenko,619
david vecsernyes,160
petar vefic,578
petar vefic,578
petar vefic,578
petar vefic,578
petar vefic,578
petar vefic,578
pablo velasquez,560
pablo velasquez,560
pablo natanael velasquez candray,557
petar velickovic,579
petar velickovic,579
petar velickovic,579
petar velickovic,579
petar velickovic,579
adria vera,15
adria vera,15
adria vera,15
adria vera mora,16
siddharth verma,666
oleg verniaiev,545
peter vidricko,580
daniel angel villafane,146
yohendry villaverde,750
yohendry villaverde,750
yohendry villaverde mederos,751
yohendry villaverde mederos,751
andres villegas,52
andres villegas,52
felipe villegas robles,213
jakov vlahek,305
jakov vlahek,305
jakov vlahek,305
jakov vlahek,305
jakov vlahek,305
jakov vlahek,305
jakov vlahek,305
jakov vlahek,305
jakov vlahek,305
elel wahrmann baker,190
elel wahrmann baker,190
elel diliza wahrmann baker,189
kyle walchuk,406
cailen walker,99
colt walker,136
colt walker,136
colt walker,136
colt walker,136
colt walker,136
colt walker,136
colt walker,136
colt walker,136
david weir,161
evan wenstad,206
luke whitehouse,443
luke whitehouse,443
luke whitehouse,443
luke whitehouse,443
luke whitehouse,443
max whitlock,473
max whitlock,473
max whitlock,473
max whitlock obe,474
max whitlock obe,474
donnell whittenburg,181
donnell whittenburg,181
donnell whittenburg,181
donnell whittenburg,181
donnell whittenburg,181
donnell whittenburg,181
donnell whittenburg,181
donnell whittenburg,181
donnell whittenburg,181
donnell whittenburg,181
harald wibye,261
harald wibye,261
harald wibye,261
harald wibye,261
joshua jack williams meehan,354
shane wiskus,661
shane wiskus,661
shane wiskus,661
shane wiskus,661
shane wiskus,661
shane wiskus,661
shane wiskus,661
shane michael wiskus,660
ruoteng xiao,625
ruoteng xiao,625
jiaxing yang,327
jiaxing yang,327
jiaxing yang,327
tucker yasunaga,707
nick yeatts,523
cheng yeh,120
cheng yeh,120
cheng yeh,120
cheng yeh,120
cheng yeh,120
cheng yeh,120
cheng yeh,120
hamza yilmaz,256
dehang yin,163
dehang yin,163
dehang yin,163
dehang yin,163
dehang yin,163
dehang yin,163
ignacio yockers,278
ignacio yockers,278
ignacio yockers,278
motomu yoshida,503
hao you,260
hao you,260
khoi young,395
khoi young,395
khoi young,395
khoi young,395
khoi young,395
khoi young,395
khoi young,395
khoi young,395
khoi young,395
khoi young,395
khoi alexander young,394
khoi alexander young,394
mohamed amine yousfi,499
carlos yulo,114
carlos yulo,114
carlos edriel yulo,113
carlos edriel yulo,113
carlos edriel yulo,113
jinseong yun,332
jinseong yun,332
eddy yusof,184
eddy yusof,184
sam zakutney,637
samuel zakutney,642
samuel zakutney,642
daniel zander,154
oliver zavel,548
oliver zavel,548
gavin zborowski,241
uri zeidel,711
uri zeidel,711
uri zeidel,711
uri zeidel,711
uri zeidel,711
uri zeidel,711
uri zeidel,711
boheng zhang,88
boheng zhang,88
boheng zhang,88
boheng zhang,88
boheng zhang,88
boheng zhang,88
boheng zhang,88
boheng zhang,88
bozhidar zlatanov,90
jim zona,328
jim zona,328
jim zona,328
jingyuan zou,331
jingyuan zou,331
mateo zugec,464
mateo zugec,464
mateo zugec,464
mateo zugec,464
mateo zugec,464
mateo zugec,464
mateo zugec,464
mateo zugec,464
mateo zugec,464
mateo zugec,464
mateo zugec,464
mateo zugec,464
luqman al hafiz zulfa,444
ahmet önder,21
ahmet önder,21
